{
	"name": "Berger Cross XT",
	"description": "После восстания Мидо компания Berger воспользовалась ситуацией и вывела на рынки Конфедерации Berger Cross XT. Сбалансированный боевой корабль для не самых обеспеченных пилотов отлично продаётся, а следующая модель уже в разработке. ",
	"speed": 1.5,
"drawCell": false,
"engineOffset": 10
	"buildPower": 1.5,
	"engineColor": "666495",
	"flying": true,
	"health": 210,
  "mineSpeed" : 5
   "drillPower" : 4
   "itemCapacity" : 60
   "boostSpeed" : 1.5 
	"weaponOffsetX": 1,
	"weaponOffsetY": 1,
	"weapon": {
		"name": "Mini",
		"length": 3.5,
		"reload": 25
		"alternate": true,
		"bullet": {
			"speed": 4,
			"damage": 10
			"bulletWidth": 10,
			"bulletHeight": 15,
			"frontColor": "#e6ca2e", 
			"backColor": "#e6ca2e", 
			"shootEffect": "shootBig"
			"bullet": "meltdownLaser",
			"despawnEffect": "none"
		}
	}
}