{
	"name": "Inflict",
	"description": "Inflict — самый распространённый и популярный истребитель Землян, дешёвый в производстве и даже немного привлекательный. ",
	"speed": 2,
	"buildPower": 1.5,
	"engineColor": "666495",
	"flying": true,
	"health": 210,
  "mineSpeed" : 5
   "drillPower" : 3
   "itemCapacity" : 15
   "boostSpeed" : 1.5 
	"weaponOffsetX": 1,
	"weaponOffsetY": 1,
	"weapon": {
		"name": "Mini",
		"length": 3.5,
		"reload": 15,
		"alternate": true,
		"bullet": {
			"speed": 4,
			"damage": 20,
			"bulletWidth": 10,
			"bulletHeight": 15,
			"frontColor": "#e6ca2e", 
			"backColor": "#e6ca2e", 
			"shootEffect": "shootBig"
			"bullet": "meltdownLaser",
			"despawnEffect": "none"
		}
	}
}