{
	"name": "Specter",
	"description": "Еще за долго до кризиса связанного с суперновой, лучшими нивелийскими инженерами кораблестроения разрабатывался прототип корабля, который мог бы сочетать в себе прочнейшую защиту и тяжелое вооружение с потрясающей маневренностью. Первым кораблем этой линейки стал Ghost, чьи характеристики много кому казались неестественными. После испытаний Ghost, разработку строго засекретили настолько, что общественность решила что ее и вовсе прекратили. Только после событий в системе Ginoya, открылись истинные планы Trunt Harval - верховного главнокомандующего нивелийской республики, который руководил разработкой прототипа Ghost. На свет появился особый, высокотехнологичный корабль в единственном экземпляре - Scimitar и корабль с запредельными характеристиками - Specter. Все три корабля явно похожи друг на друга: серо-черный окрас, зеленые двигатели, форма кабины и носовой части.",
	"speed": 2.5,
	"buildPower": 1.5,
	"engineColor": "#4aa0d9",
  "engineOffset": 25
  "drawSell" : false, 
	"flying": true,
	"health": 4000,
	"weaponOffsetX": 1,
	"weaponOffsetY": 1,
	"weapon": {
		"name": "Specter Gun",
		"length": 5
		"reload": 10,
		"alternate": true,
		"bullet": {
			"speed": 7,
			"damage": 1000,
			"bulletWidth": 10,
			"bulletHeight": 15,
			"frontColor": "#4aa0d9",
			"backColor": "#4aa0d9", 
			"shootEffect": "shootBig"
			"bullet": "meltdownLaser",
			"despawnEffect": "none" 
       "splashDamage" : 150
       "splashDamageRadius" : 100
		}
	}
}