{
"name": "E2 Exoclad",
"description": "Бронепластины защищают корабль от всех типов орудий и столкновений с астероидами. Но эта технология стремительно устаревает, и, по сравнению со щитами, комплект пластин E2 Exoclad обеспечивает слабую защиту.",
"type": "Wall",
"health": "2100",
"size": "2",
"requirements": [
{"item": "Железо", "amount": "12"},
{"item": "titanium", "amount": "12"}
],
"category": "defense"
"research" : "titanium-wall" 
}