{
"name": "E6 D-X Plating",
"description": "Применение DX-частиц, полученных из древних астероидов, привело к повышению ударной вязкости бронепластин Е6. Стоимость комплекта этих пластин заметно снизилась, когда была открыта технология получения DX-частиц в лабораторных условиях.",
"type": "Wall",
"health": "4950",
"size": "2",
"requirements": [
{"item": "Оричалзин", "amount": "20"},
{"item": "phase-fabric", "amount": "4"}
],
"category": "defense"
"research" : "E4_Ultra_Lamina" 
}