{
"type": "drill"
"name": "IMT Extract 1.3" 
"health" : 380, 
"size": 2, 
"description": "IMT производит надёжные буровые инструменты, которые используются для добычи руд из астероидов. Младшая модель предназначена для короткого периода работы, так как недостаточно точна для глубинного бурения."
"tier" : "3"
"drillTime" : 310
"liqiudsBoostIntensivity" : 1.7
"itemCapacity" : 10
"warmupSpeed" : 0.1
"drillEffect" : "smoke" 
"rotateSpeed" : 3
"craftTime": 129
"requirements" :[
{"item" : "Железо", "amount" : 35} 
{"item" : "silicon", "amount" : 15}
{"item" : "titanium", "amount" : 15} 
] 
"consumes": {"power": 0.35, 
"liquid": {
			"liquid": "water", 
			"amount": 0.1,
			"booster": true
       "optional" : true
		}} ,
"category" : "production" 
"research" : "pneumatic-drill" 
} 