{
"type": "ItemTurret",
"name": "ReHeat o10",
"description": "Старший брат Thermic o5 содержит атомы Гелия-10, участвующего в термоядерных процессах звезды Weymire, что обеспечивает больше мощи. Скептики утверждают, что эти дорогие частицы на самом деле получают в лабораториях, что снижает ценность орудия.",
"targetAir": true,
"targetGround": true,
"health": 700,
"size": 3,
"inaccuracy": 1,
"reload": 60,
"shots": 1,
"range": 300,
"burstSpacing": 10,
"ammo": {
"Бочка_изотопного_газа" : {
"speed": 3,
"damage": 160,
"splashDamage": 40
"splashDamageRadius" : 10
"bulletWidth": 8,
"bulletHeight": 300,
"shootEffect": "shootSmall",
"smokeEffect": "none",
"ammoMultiplier": 1
"frontColor" : "#ffa000" 
"backColor" : "#ffa000" 
"lifetime" : 100,
},},
"requirements": [
{ "item": "titanium", "amount": 300},
{ "item": "Золото", "amount": 150},
{ "item": "Электроника", "amount": 120}
{ "item": "Оричалзин", "amount": 90}
{"item": "Запчасти", "amount": "45"}
],
"category": "turret",
"shootSound": ""
"research": "Thermic_o5"
}