{
"type": "vault",
"name": "Чёрная дыра Rhoda",
"description": "Создавая стабильную чёрную дыру можно переместить груз в подпространство и вернуть обратно, когда понадобится. Известны жалобы некоторых путешественников, что грузы не удалось вернуть, а иногда в грузовом отсеке появляются странные артефакты из других миров. ",
"health": 4000,
"itemCapacity": 1000000
"size": 3,
"requirements": [
{ "item": "Электроника", "amount": 100 }
{ "item": "Оричалзин", "amount": 100 }
{ "item" : "Нованиум", "amount" : 5}]
"category" : "effect" 
"research" : "vault" 
}