{
	"name": "Двигатель Кадора",
	"description": "Названный по имени изобретателя грея, Двигатель Кадора позволяет межзвёздным путешественникам перемещаться по всей галактике. Это невероятное устройство работает благодаря кристаллам из пространства Войдов, каждый из которых содержит миниатюрный образ вселенной. Двигатель исключает потребность в ретрансляторах и позволяет перемещаться в пространство Войдов, не пользуясь червоточинами.",
	"type": "OverdriveProjector"
	"health": 1000,
	"size": 2,
	"range": 150,
	"reload": 60,
	"speedBoost": 5,
	"useTime": 800,
	"phase": "#720874",
	"color": "#17C50B",
	"healPercent": 40,
	"consumes": {
		"power": 7.5,
		"items": {
			"items": [ { "amount": 1, "item": "Кристаллы_Войд" } ],
			"booster": true,
			"optional": true
		}
	},
	"requirements": [
		{ "item": "Кристаллы_Войд", "amount": 50 },
		{ "item": "silicon", "amount": 160 },
		{ "item": "Оптика", "amount": 120 }
		{ "item": "Гипаний", "amount": 120 }
		{ "item": "Запчасти", "amount": 120 }
		{ "item": "Электроника", "amount": 120 }
	],
	"category": "effect"
	"research": "overdrive-projector"
}