{
"type": "GenericSmelter",
"name": "Завод электроники",
"description": "Производит электронику",
"health": 400,
"itemCapacity": 30,
"outputItem": {"item": "Электроника", "amount": 1},
"size": 2,
"hasPower": true,
"hasLiquids": false,
"hasItems": true,
"craftTime": 71,
"updateEffect": "smoke",
"consumes": {"power": 1.2, "items": 
{"items": [
{ "item": "copper", "amount": 1 }
{ "item": "lead", "amount": 1 }]}} ,
"requirements": [
{ "item": "titanium", "amount": 105 },
{ "item": "silicon", "amount": 90 },
{ "item": "copper", "amount": 40 }],
"category": "crafting",
"research" : "silicon-smelter" 
}