{
"type": "GenericSmelter",
"name": "Завод ракет AMR Tormentor",
"description": "Производит ракеты AMR Tormentor ",
"health": 400,
"itemCapacity": 10,
"outputItem": {"item": "AMR_Tormentor", "amount": 1},
"size": 2,
"hasPower": true,
"hasLiquids": false,
"hasItems": true,
"craftTime": 30,
"updateEffect": "smoke",
"consumes": {"power": 3, "items": 
{"items": [
{ "item": "titanium", "amount": 3 }
{ "item": "thorium", "amount": 2 }]}} ,
"requirements": [
{ "item": "Золото", "amount": 100 },
{ "item": "titanium", "amount": 100 },
{ "item": "thorium", "amount": 90 }],
"category": "crafting",
"research" : "Завод_Jet" 
}