{
"type": "GenericSmelter",
"name": "Завод ракет AMR Oppressor",
"description": "Производит ракеты AMR Oppressor ",
"health": 400,
"itemCapacity": 10,
"outputItem": {"item": "AMR_Oppressor", "amount": 1},
"size": 2,
"hasPower": true,
"hasLiquids": false,
"hasItems": true,
"craftTime": 30,
"updateEffect": "smoke",
"consumes": {"power": 3, "items": 
{"items": [
{ "item": "titanium", "amount": 5 }
{ "item": "thorium", "amount": 3 }]}} ,
"requirements": [
{ "item": "titanium", "amount": 100 },
{ "item": "silicon", "amount": 100 },
{ "item": "Железо", "amount": 100 },
{ "item": "thorium", "amount": 90 }],
"category": "crafting",
"research" : "Завод_AMR_Tormentor" 
}