{
"type": "GenericSmelter",
"name": "Завод ракет Jet",
"description": "Производит ракеты Jet",
"health": 400,
"itemCapacity": 10,
"outputItem": {"item": "Jet", "amount": 2},
"size": 2,
"hasPower": true,
"hasLiquids": false,
"hasItems": true,
"craftTime": 30,
"updateEffect": "smoke",
"consumes": {"power": 1.6, "items": 
{"items": [
{ "item": "titanium", "amount": 1 }
{ "item": "Запчасти", "amount": 1 }]}} ,
"requirements": [
{ "item": "Оричалзин", "amount": 85 },
{ "item": "silicon", "amount": 80 },
{ "item": "lead", "amount": 65 }],
"category": "crafting",
"research" : "Завод_Edo" 
}