{
"type": "GenericSmelter",
"name": "Компрессор титана",
"description": "Сжимает титан под огромным давлением, чтобы произвести искусственное титановое ядро. ",
"health": 400,
"itemCapacity": 10,
"outputItem": {"item": "Титановое_ядро", "amount": 1},
"size": 2,
"hasPower": true,
"hasLiquids": false,
"hasItems": true,
"craftTime": 160,
"updateEffect": "smoke",
"consumes": {"power": 1.35, "items": 
{"items": [
{ "item": "titanium", "amount": 10 }]}} ,
"requirements": [
{ "item": "titanium", "amount": 80}
{ "item": "thorium", "amount": 25}
{ "item": "silicon", "amount": 40 },
{ "item": "Электроника", "amount": 30 }
{ "item": "Железное_ядро", "amount": 15}],
"category": "crafting",
"research" : "Компрессор_железа" 
}