{
	"type": "NuclearReactor",
	"name": "Нованиумный реактор",
	"description": "Сверх-эффективный реактор использующий в качестве топлива нованиумное ядра. При синтезировании энергии реактор может перенагрется и взорваться. ",
	"itemCapacity": 50,
	"size": 5,
	"heating": 0.1,
	"hasLiquids": true,
    "powerProduction": 210,
    "itemDuration" : 200,
   "explosionRadius" : 700
   "explosionDamage" : 20000
	"updateEffect": "smeltsmoke",
	"consumes": {
		"item": "Нованиумное_ядро",
		"liquid": {
			"liquid": "cryofluid",
			"amount": 0.1
		}
    },
	"requirements": [
		{"item": "titanium", "amount": 600},
		{"item": "Оричалзин", "amount": 700},
		{"item": "Нованиум", "amount": 400},
		{"item": "surge-alloy", "amount": 140}
	],
	"category": "power",
	"research": "thorium-reactor"
}