{
"type": "Separator",
"name": "Перерабатывающий завод Мидо",
"description": "Перерабатывающий Завод Мидо – это внушительная структура в Galaxy on Fire 2 Supernova. Расположенная в системе Skavac планета Coromesk, возле громадного скопления астероидов, эта летучая доменная печь гигантских размеров используется мидорианскими промышленниками для переработки ценных руд и минералов и переплавки еще более ценных ядер.",
"health": 15000,
"itemCapacity": 100,
"results": [
{"item": "Нованиумное_ядро", "amount": 1} 
{"item": "Титановое_ядро", "amount": 1} 
{"item": "Нованиум", "amount": 2} ]
"size": 8,
"hasPower": true,
"hasItems": true,
"craftTime": 60,
"updateEffect": "smeltsmoke",
"consumes": {	"liquid": {
			"liquid": "Расплавленная_руда",
			"amount": 1.5} , 
"power": 10}, 
"requirements" : [
{"item" : "plastanium", "amount" : 245}
{"item" : "surge-alloy", "amount" : 165}
{"item" : "Нованиум", "amount" : 75}]
"category" : "crafting"
"research" : "Распределитель_руды3" 
}