{
"type": "GenericSmelter",
"name": "Плавильня руды" ,
"description": "Расплавляет метеоритную руду",
"health": 360,
"liquidCapacity": 10,
"itemCapacity": 10,
"outputLiquid": {"liquid": "Расплавленная_руда", "amount": 3.4},
"size": 2,
"hasPower": true,
"hasLiquids": true,
"hasItems": true,
"craftTime": 60.0,
"updateEffect": "smoke",
"consumes" : {"power": 1, "items": 
{"items": [
{ "item": "Метеорит", "amount": 1 }]}} ,
"requirements": [
{ "item": "titanium", "amount": 75 },
{ "item": "silicon", "amount": 65 },
{ "item": "metaglass", "amount": 50 }],
"category": "crafting",
"research" : "separator" 
}
