{
"type": "ItemTurret",
"name": "ПТТС",
"description": "Пусковая турель для тяжёлых снарядов.",
"targetAir": true,
"targetGround": true,
"health": 1750,
"size": 3,
"inaccuracy": 2,
"reload": 32.5,
"shots": 1,
"range": 300,
"burstSpacing": 10,
"ammo": {
"Edo": {
"speed": 6,
"damage": 65,
"splashDamage" : 35,
"splashDamageRadius" : 20,
"bulletWidth": 16,
"bulletHeight": 24,
"shootEffect": "shootSmall",
"smokeEffect": "none",
"ammoMultiplier": 1
"frontColor" : "#d42f2f" 
"backColor" : "#d42f2f" 
"lifetime" : 90,
"homingRange" : 15
"homingPower" : 0.5
},
"Jet": {
"speed": 6,
"damage": 140,
"splashDamage" : 60,
"splashDamageRadius" : 17,
"bulletWidth": 16,
"bulletHeight": 24,
"shootEffect": "shootSmall",
"smokeEffect": "none",
"ammoMultiplier": 1
"frontColor" : "#d42f2f" 
"backColor" : "#d42f2f" 
"lifetime" : 90,
},
"AMR_Tormentor": {
"speed": 6,
"damage": 360,
"splashDamage" : 140,
"splashDamageRadius" : 55,
"bulletWidth": 16,
"bulletHeight": 24,
"shootEffect": "shootSmall",
"smokeEffect": "none",
"ammoMultiplier": 1
"frontColor" : "#d42f2f" 
"backColor" : "#d42f2f" 
"lifetime" : 90,
},
"AMR_Oppressor": {
"speed": 6,
"damage": 650,
"splashDamage" : 350,
"splashDamageRadius" : 75,
"bulletWidth": 16,
"bulletHeight": 24,
"shootEffect": "shootSmall",
"smokeEffect": "none",
"ammoMultiplier": 1
"frontColor" : "#d42f2f" 
"backColor" : "#d42f2f" 
"lifetime" : 90,
},
"AMR_Extinctor": {
"speed": 6,
"damage": 1250,
"splashDamage" : 750,
"splashDamageRadius" : 100,
"bulletWidth": 16,
"bulletHeight": 24,
"shootEffect": "shootSmall",
"smokeEffect": "none",
"ammoMultiplier": 1
"frontColor" : "#d42f2f" 
"backColor" : "#d42f2f" 
"lifetime" : 90,
},
"Liberator": {
"speed": 6,
"damage": 6000,
"splashDamage" : 2000,
"splashDamageRadius" : 100,
"bulletWidth": 28,
"bulletHeight": 40,
"shootEffect": "shootSmall",
"smokeEffect": "none",
"ammoMultiplier": 1
"frontColor" : "#d42f2f" 
"backColor" : "#d42f2f" 
"lifetime" : 90,
"homingRange" : 100
"homingPower" : 0.75
},
"Amour": {
"speed": 6,
"damage": 275,
"splashDamage" : 125,
"splashDamageRadius" : 15,
"bulletWidth": 16,
"bulletHeight": 24,
"shootEffect": "shootSmall",
"smokeEffect": "none",
"ammoMultiplier": 1
"frontColor" : "#bfbfbf" 
"backColor" : "#bfbfbf" 
"lifetime" : 90,
},
"Intelli_Jet": {
"speed": 6,
"damage": 175,
"splashDamage" : 125,
"splashDamageRadius" : 15,
"bulletWidth": 16,
"bulletHeight": 24,
"shootEffect": "shootSmall",
"smokeEffect": "none",
"ammoMultiplier": 1
"frontColor" : "#5e8bab" 
"backColor" : "#5e8bab" 
"lifetime" : 90,
"homingRange" : 20
"homingPower" : 0.5
},
},
"requirements": [
{ "item": "titanium", "amount": 125},
{ "item": "silicon", "amount": 80},
{ "item": "Электроника", "amount": 75}
{ "item": "Оричалзин", "amount": 55}
],
"category": "turret",
"shootSound": ""
"research": "duo"
}