{
"type": "ItemTurret",
"name": "Пушка Scram",
"description": "Scram — одно из самых скорострельных орудий на рынке. Технология производства настолько проста, что каждый может собрать свой экземпляр с нуля, но предпочтительнее всё же оригинальный образец, собранный дроидами.",
"targetAir": true,
"targetGround": true,
"health": 460,
"size": 2,
"inaccuracy": 12,
"reload": 0.6,
"shots": 1,
"range": 180,
"burstSpacing": 0,
"ammo": {
"scrap": {
"speed": 5,
"damage": 4,
"bulletWidth": 4,
"bulletHeight": 6,
"shootEffect": "smoke",
"smokeEffect": "none",
"ammoMultiplier": 2
}, 
"Метеорит": {
"speed": 5,
"damage": 10,
"bulletWidth": 4,
"bulletHeight": 6,
"shootEffect": "smoke",
"smokeEffect": "none",
"ammoMultiplier": 2
"lifetime" : 120,
},},
"requirements": [
{ "item": "titanium", "amount": 60},
{ "item": "Оричалзин", "amount": 15},
{ "item": "graphite", "amount": 20}
],
"category": "turret",
"shootSound": ""
"research": "Micro_Gun_mk2"
}