{
"type": "Separator",
"name": "Модернизированный распределитель руды",
"description": "Перерабатывает расплавленную руду в ценные материалы",
"health": 240,
"itemCapacity": 20,
"results": [
{"item": "Золото", "amount": 5} 
{"item": "Нованиум", "amount": 1} ]
"size": 2,
"hasPower": true,
"hasItems": true,
"craftTime": 60,
"updateEffect": "smeltsmoke",
"consumes": {	"liquid": {
			"liquid": "Расплавленная_руда",
			"amount": 0.3} , 
"power": 4}, 
"requirements" : [
{"item" : "silicon", "amount" : 150}
{"item" : "Золото", "amount" : 150}
{"item" : "Железное_ядро", "amount" : 150}]
"category" : "crafting"
"research" : "Распределитель_руды2" 
}