{
"type": "Separator",
"name": "Распределитель руды",
"description": "Перерабатывает расплавленную руду в некоторые металлы",
"health": 240,
"itemCapacity": 10,
"results": [
{"item": "Железо", "amount": 1},
{"item": "thorium", "amount": 1} ]
"size": 2,
"hasPower": true,
"hasItems": true,
"craftTime": 60,
"updateEffect": "smeltsmoke",
"consumes": {	"liquid": {
			"liquid": "Расплавленная_руда",
			"amount": 0.05} , 
"power": 1.2}, 
"requirements" : [
{"item" : "titanium", "amount" : 150}]
"category" : "crafting"
"research" : "separator" 
}