{
"type": "Separator",
"name": "Улучшенный распределитель руды",
"description": "Перерабатывает расплавленную руду в ценные материалы",
"health": 240,
"itemCapacity": 15,
"results": [
{"item": "Золото", "amount": 1},
{"item": "Оричалзин", "amount": 1} 
{"item": "Железное_ядро", "amount": 1} ]
"size": 2,
"hasPower": true,
"hasItems": true,
"craftTime": 60,
"updateEffect": "smeltsmoke",
"consumes": {	"liquid": {
			"liquid": "Расплавленная_руда",
			"amount": 0.1} , 
"power": 2.3}, 
"requirements" : [
{"item" : "titanium", "amount" : 150}
{"item" : "Железо", "amount" : 150}]
"category" : "crafting"
"research" : "Распределитель_руды" 
}