{
	"name": "Реконструктор Specter",
	"description": "GoF2",
	"type": "MechPad",
	"mech": "Specter",
	"size": 5,
	"consumes": {
		"power": 4,
	},
	"category": "upgrade",
	"requirements": [
		{ "item": "Оричалзин", "amount": 350 },
		{ "item": "Нованиум", "amount": 300 },
		{ "item": "silicon", "amount": 210 },
    { "item": "Титановое_ядро", "amount": 35 }
		{ "item": "Нованиумное_ядро", "amount": 15 },
	]
"research" : "Реконструктор_Kinzer_RS" 
}