{
	"name": "Суб-атомный щит",
	"description": "При стимуляции ядер Нованиума, с помощью особого вида плазмы, Суб-атомный щит создаёт огромное силовое поле антиматерии, который при наличии достаточного количества энергии, способен поглотить весь корабль.",
	"type": "ForceProjector", 
	"health": 1000,
	"size": 3,
	"phaseUseTime": 800, 
	"phaseRadiusBoost":	160, 
	"radius": 240, 
	"breakage":	80000, 
	"cooldownNormal": 1, 
	"cooldownLiquid": 2, 
	"cooldownBrokenBase": 0.2, 
	"basePowerDraw	": 8.0, 
	"canOverdrive": true, 
	"consumes": {
		"power": 8.0
		"items": {
			"items": [ { "amount": 1, "item": "Нованиумное_ядро" } ],
			"booster": true,
			"optional": true
		}
	},
	"requirements": [
     { "item": "Электроника", "amount": 250 },
     { "item": "surge-alloy", "amount": 150 },
		{ "item": "Нованиумное_ядро", "amount": 45 },
	],
	"category": "effect"
}