{
"type": "ItemTurret",
"name": "Турель для ракетных кассет",
"description": "Используется для запуска ракетных кассет. ",
"targetAir": true,
"targetGround": true,
"health": 1450,
"size": 2,
"inaccuracy": 20,
"reload": 50,
"shots": 5,
"range": 400,
"burstSpacing": 10,
"ammo": {
"Patala": {
"bulletType" : "Rocket_bullet", 
"speed": 6,
"damage": 175,
"bulletWidth": 8,
"bulletHeight": 8,
"shootEffect": "shootSmall",
"smokeEffect": "none",
"ammoMultiplier": 1
"frontColor" : "#ff0000" 
"backColor" : "#ff0000" 
"lifetime" : 90,
"BulletSprite" : "patala_bullet" 
"splashDamage" : 125,
"splashDamageRadius" : 32,
"homingRange" : 400
"homingPower" : 1
},},
"requirements": [
{ "item": "titanium", "amount": 100},
{ "item": "silicon", "amount": 80},
{ "item": "Железо", "amount": 65}
{ "item": "thorium", "amount": 45}
],
"category": "turret",
"shootSound": ""
"research": "ПТР"
}