{
"type": "GenericSmelter",
"name": "Упаковщик газа " ,
"description": "Упаковывает изотопный газ в бочки",
"health": 360,
"liquidCapacity": 10,
"itemCapacity": 10,
"outputItem": {"item": "Бочка_изотопного_газа", "amount" : 1},
"size": 2,
"hasPower": true,
"hasLiquids": true,
"hasItems": true,
"craftTime": 60.0,
"updateEffect": "smoke",
"consumes" : {	"liquid": {
			"liquid": "Изотопный_газ",
			"amount": 0.05} 
"items": 
{"items": [
{ "item": "metaglass", "amount": 1 }]}}, 
"requirements": [
{ "item": "titanium", "amount": 75 },
{ "item": "Электроника", "amount": 65 },
{ "item": "metaglass", "amount": 55 }],
"category": "crafting",
"research" : "Завод_изотопных_газов" 
}
