{
"type": "material",
"name": "Amour",
"description": "За благозвучным названием кроется смертельная ракета, которая несёт хаос и разрушения, одновременно с чем нарушая работу электронных систем цели. Такие свойства делают её непредсказуемой, но интригующей частью любого арсенала",
"color": "#000000",
"radioactivity": 0,
"explosiveness": 1,
"flammability": 0,
"hardness": "10",
"cost": 1,
"alwaysUnlocked": false
}