{
"type": "material",
"name": "AMR Extinctor",
"description": "Ядерные боеголовки настолько мощны, что могут повлиять на гравитационное поле небольшой планеты. Компания AMR возлагала большие надежды на то, что Extinctor станет хитом продаж, но производство было закрыто за прямое нарушение законов в сфере межгалактических отношений. На чёрном рынке всё ещё можно достать чертежи, если, конечно, вас не отпугнёт их цена.",
"color": "#000000",
"radioactivity": 2,
"explosiveness": 4,
"flammability": 0,
"hardness": "10",
"cost": 1,
"alwaysUnlocked": false
}