{
"type": "material",
"name": "Intelli Jet",
"description": "Ракета Intelli Jet снабжена искусственным интеллектом, как можно догадаться по названию. Поразительно быстрая, с автоматической системой отслеживания цели, наносит приемлемый физический и электромагнитный урон. К тому же она проста в изготовлении, но, к счастью, не все об этом знают. Иначе эта галактика стала бы более опасным местом.",
"color": "#ff0000",
"radioactivity": 0,
"explosiveness": 1,
"flammability": 0,
"hardness": "10",
"cost": 1,
"alwaysUnlocked": false
}